,calories,carbo,cups,fat,fiber,potass,protein,sodium,sugars,vitamins,weight
0,135.0,15.625,0.7583333333333333,1.6666666666666665,3.541666666666667,172.08333333333331,3.166666666666667,180.41666666666666,10.916666666666668,37.5,1.2875
1,105.29411764705883,19.294117647058822,1.0029411764705882,0.5294117647058822,1.1764705882352942,62.352941176470594,2.7058823529411766,237.05882352941177,3.0,42.64705882352941,1.0
2,108.52941176470588,12.661764705882353,0.7823529411764706,1.2941176470588236,1.397058823529412,74.07843137254902,2.0588235294117645,161.02941176470588,9.411764705882353,24.264705882352942,1.0
3,85.45454545454545,15.80023923444976,0.8463636363636364,0.2727272727272727,2.0636363636363635,93.06060606060606,2.727272727272727,8.636363636363626,2.5478468899521536,9.090909090909093,0.8936363636363636
4,63.333333333333336,6.666666666666666,0.38666666666666666,0.6666666666666667,11.0,310.0,4.0,176.66666666666666,3.6666666666666665,25.0,1.0
